Workbook

Sheet Employee_Master
A1: Employee_ID | B1: Employee_Name | C1: Department | D1: House | E1: Employee_ID
A2: 450230 | B2: Aarti Gupta | C2: QA | D2: Agility | E2: 450230
A3: 452073 | B3: Aashish | C3: EB | D3: Innovation | E3: 452073
A4: 461161 | B4: Abhay Singh | C4: Packing | D4: Vibrancy | E4: 461161
A5: 456091 | B5: Abhinesh Pandey | C5: EHS | D5: Agility | E5: 456091
A6: 478308 | B6: Abhishek savita | C6: EB | D6: Care | E6: 478308
A7: 478266 | B7: Abhishek Sharma | C7: QA | D7: Vibrancy | E7: 478266
A8: 466167 | B8: Aishwarya Sharma | C8: QA | D8: Vibrancy | E8: 466167
A9: 712428 | B9: Akanksha Gangwar | C9: Engineering | D9: Care | E9: 712428
A10: 454456 | B10: Akash Deshmukh | C10: WPB | D10: Vibrancy | E10: 454456
A11: 724729 | B11: Akash Kumar | C11: Engineering | D11: Innovation | E11: 724729
A12: 452119 | B12: Akhil Tiwari | C12: EB | D12: Vibrancy | E12: 452119
A13: 430977 | B13: Akshit Sood | C13: Finance & Stores | D13: Courage | E13: 430977
... A170: 460888 | B170: Yatin | C170: Materials | D170: Agility | E170: 460888
A171: 726299 | B171: =_xlfn.XLOOKUP(A171,[1]Attendance!$B$2:$B$167,[1]Attendance!$C$2:$C$167,0) -> Anu Devi | C171: Production | D171: Courage | E171: 726299
A172: 728885 | B172: Simran | C172: Production | D172: Courage | E172: 728885
A173: 728886 | B173: Annu | C173: Production | D173: Care | E173: 728886
A174: 728833 | B174: Mo. Azhar Ansari | C174: Production | D174: Innovation | E174: 728833
A175: 728772 | B175: Abhishek Dixit | C175: Production | D175: Care | E175: 728772
A176: 729134 | B176: Gursimrat Singh | C176: Materials | D176: Innovation | E176: 729134
A177: 728844 | B177: Simarpreet | C177: Materials | D177: Vibrancy | E177: 728844
A178: 728947 | B178: Salja | C178: Materials | D178: Agility | E178: 728947
A179: 728849 | B179: Rohit Kumar | C179: Production | D179: Vibrancy | E179: 728849
A180: 729000 | B180: Nitish kumar | C180: Materials | D180: Innovation | E180: 729000
A181: 729581 | B181: Ajay Kumar Yadav | C181: QA | D181: Innovation | E181: 729581
A182: 730033 | B182: Ankush Jain | C182: Finance & Stores | D182: Vibrancy | E182: 730033
A183: 732529 | B183: Niyati Dimri | C183: Engineering | D183: Courage | E183: 732529
A184: 733893 | B184: Gaurav Kumar | C184: Materials | D184: Innovation | E184: 733893
A185: 733466 | B185: Vikas | C185: Finance & Stores | E185: 733466

Sheet Event_Master
A1: Event_ID | B1: Event_Name | C1: Type | D1: Difficulty_Level (Casual/Medium/High) | E1: Multiplier
A2: 1 | B2: Carrom | C2: Indoor | D2: Casual | E2: 1
A3: 2 | B3: Chess | C3: Indoor | D3: Medium | E3: 1.3
A4: 3 | B4: Fuseball | C4: Indoor | D4: Casual | E4: 1
A5: 4 | B5: Air Hockey | C5: Indoor | D5: Casual | E5: 1
A6: 5 | B6: Table tennis | C6: Indoor | D6: Medium | E6: 1.5
A7: 6 | B7: Badminton Men singles | C7: Indoor | D7: Medium | E7: 1.5
A8: 7 | B8: Cricket | C8: Outdoor | D8: High | E8: 1.5
A9: 8 | B9: Vollyball | C9: Outdoor | D9: High | E9: 1.5
A10: 9 | B10: Basket Ball | C10: Outdoor | D10: High | E10: 1.5
A11: 10 | B11: Walk | C11: Outdoor | D11: Medium | E11: 1
A12: 11 | B12: Running | C12: Outdoor | D12: Medium | E12: 1.5
A13: 12 | B13: Relay | C13: Outdoor | D13: High | E13: 2
B14: Fuseball Double | C14: Indoor | D14: Casual | E14: 1
B15: Table tennis Double | C15: Indoor | D15: Medium | E15: 1.5
B16: Badminton Men Doubles | C16: Indoor | D16: Medium | E16: 1.5
B17: Skipping | C17: Indoor | D17: Casual | E17: 1
B18: Badminton Mix Doubles | C18: Indoor | D18: Medium | E18: 1.5
B19: Badminton Women singles | C19: Indoor | D19: Medium | E19: 1.5
B20: Badminton | C20: Indoor | D20: Medium | E20: 1.5

Sheet Score_Table
B3: Position
B4: Winner
B5: Runner-up
B6: 2nd Runner-up
B7: Semi
B8: Quarter

Sheet Participation_Entry
A1: Date | B1: Employee_ID | C1: Employee_Name | D1: Event | E1: Registered (Yes/No) | F1: Participated (Yes/No) | G1: Position (Winner/Runner-up/2nd Runner-up/Semi/Quarter/Participant) | H1: Participation_Points | I1: Base_Points | J1: Multiplier | K1: Game_ Points | L1: Final_Event_Points
A2: 46026 | B2: 365114 | C2: =VLOOKUP(B2,Employee_Master!A:B,2,0) -> Bhanu Sirohi | D2: Walk | E2: YES | F2: YES | H2: 70.777 | I2: =IF(G2="Winner",100,IF(G2="Runner-up",70,IF(G2="2nd Runner-up",50,IF(G2="Semi",30,IF(G2="Quarter",20,0))))) -> 0 | J2: =IFERROR(VLOOKUP(D2,Event_Master!B:E,4,FALSE),1) -> 1 | K2: =(I2*J2) -> 0 | L2: =K2+H2 -> 70.777
A3: 46026 | B3: 396485 | C3: =VLOOKUP(B3,Employee_Master!A:B,2,0) -> Khushbir Singh | D3: Walk | E3: YES | F3: YES | H3: 52.1576 | I3: =IF(G3="Winner",100,IF(G3="Runner-up",70,IF(G3="2nd Runner-up",50,IF(G3="Semi",30,IF(G3="Quarter",20,0))))) -> 0 | J3: =IFERROR(VLOOKUP(D3,Event_Master!B:E,4,FALSE),1) -> 1 | K3: =(I3*J3) -> 0 | L3: =K3+H3 -> 52.1576
A4: 46026 | B4: 412273 | C4: =VLOOKUP(B4,Employee_Master!A:B,2,0) -> Sandeep Sengar | D4: Walk | E4: YES | F4: YES | H4: 11.3269 | I4: =IF(G4="Winner",100,IF(G4="Runner-up",70,IF(G4="2nd Runner-up",50,IF(G4="Semi",30,IF(G4="Quarter",20,0))))) -> 0 | J4: =IFERROR(VLOOKUP(D4,Event_Master!B:E,4,FALSE),1) -> 1 | K4: =(I4*J4) -> 0 | L4: =K4+H4 -> 11.3269
A5: 46026 | B5: 416828 | C5: =VLOOKUP(B5,Employee_Master!A:B,2,0) -> Keshav Dev | D5: Walk | E5: YES | F5: YES | H5: 41.5951 | I5: =IF(G5="Winner",100,IF(G5="Runner-up",70,IF(G5="2nd Runner-up",50,IF(G5="Semi",30,IF(G5="Quarter",20,0))))) -> 0 | J5: =IFERROR(VLOOKUP(D5,Event_Master!B:E,4,FALSE),1) -> 1 | K5: =(I5*J5) -> 0 | L5: =K5+H5 -> 41.5951
A6: 46026 | B6: 420109 | C6: =VLOOKUP(B6,Employee_Master!A:B,2,0) -> Chandraprakash Nandwana | D6: Walk | E6: YES | F6: YES | H6: 26.036 | I6: =IF(G6="Winner",100,IF(G6="Runner-up",70,IF(G6="2nd Runner-up",50,IF(G6="Semi",30,IF(G6="Quarter",20,0))))) -> 0 | J6: =IFERROR(VLOOKUP(D6,Event_Master!B:E,4,FALSE),1) -> 1 | K6: =(I6*J6) -> 0 | L6: =K6+H6 -> 26.036
A7: 46026 | B7: 424332 | C7: =VLOOKUP(B7,Employee_Master!A:B,2,0) -> Naresh Kumar | D7: Walk | E7: YES | F7: YES | H7: 30.8046 | I7: =IF(G7="Winner",100,IF(G7="Runner-up",70,IF(G7="2nd Runner-up",50,IF(G7="Semi",30,IF(G7="Quarter",20,0))))) -> 0 | J7: =IFERROR(VLOOKUP(D7,Event_Master!B:E,4,FALSE),1) -> 1 | K7: =(I7*J7) -> 0 | L7: =K7+H7 -> 30.8046
A8: 46026 | B8: 426232 | C8: =VLOOKUP(B8,Employee_Master!A:B,2,0) -> Varish Hussain | D8: Walk | E8: YES | F8: YES | H8: 17.8847 | I8: =IF(G8="Winner",100,IF(G8="Runner-up",70,IF(G8="2nd Runner-up",50,IF(G8="Semi",30,IF(G8="Quarter",20,0))))) -> 0 | J8: =IFERROR(VLOOKUP(D8,Event_Master!B:E,4,FALSE),1) -> 1 | K8: =(I8*J8) -> 0 | L8: =K8+H8 -> 17.8847
A9: 46026 | B9: 427154 | C9: =VLOOKUP(B9,Employee_Master!A:B,2,0) -> Rohan Mehra | D9: Walk | E9: YES | F9: YES | H9: 4.6855 | I9: =IF(G9="Winner",100,IF(G9="Runner-up",70,IF(G9="2nd Runner-up",50,IF(G9="Semi",30,IF(G9="Quarter",20,0))))) -> 0 | J9: =IFERROR(VLOOKUP(D9,Event_Master!B:E,4,FALSE),1) -> 1 | K9: =(I9*J9) -> 0 | L9: =K9+H9 -> 4.6855
A10: 46026 | B10: 427568 | C10: =VLOOKUP(B10,Employee_Master!A:B,2,0) -> Anjali Sundrani | D10: Walk | E10: YES | F10: YES | H10: 3.9742 | I10: =IF(G10="Winner",100,IF(G10="Runner-up",70,IF(G10="2nd Runner-up",50,IF(G10="Semi",30,IF(G10="Quarter",20,0))))) -> 0 | J10: =IFERROR(VLOOKUP(D10,Event_Master!B:E,4,FALSE),1) -> 1 | K10: =(I10*J10) -> 0 | L10: =K10+H10 -> 3.9742
A11: 46026 | B11: 428544 | C11: =VLOOKUP(B11,Employee_Master!A:B,2,0) -> Harjot Singh | D11: Walk | E11: YES | F11: YES | H11: 12.429 | I11: =IF(G11="Winner",100,IF(G11="Runner-up",70,IF(G11="2nd Runner-up",50,IF(G11="Semi",30,IF(G11="Quarter",20,0))))) -> 0 | J11: =IFERROR(VLOOKUP(D11,Event_Master!B:E,4,FALSE),1) -> 1 | K11: =(I11*J11) -> 0 | L11: =K11+H11 -> 12.429
A12: 46026 | B12: 430977 | C12: =VLOOKUP(B12,Employee_Master!A:B,2,0) -> Akshit Sood | D12: Walk | E12: YES | F12: YES | H12: 23.6 | I12: =IF(G12="Winner",100,IF(G12="Runner-up",70,IF(G12="2nd Runner-up",50,IF(G12="Semi",30,IF(G12="Quarter",20,0))))) -> 0 | J12: =IFERROR(VLOOKUP(D12,Event_Master!B:E,4,FALSE),1) -> 1 | K12: =(I12*J12) -> 0 | L12: =K12+H12 -> 23.6
A13: 46026 | B13: 432865 | C13: =VLOOKUP(B13,Employee_Master!A:B,2,0) -> Rupesh Gandhi | D13: Walk | E13: YES | F13: YES | H13: 22.3166 | I13: =IF(G13="Winner",100,IF(G13="Runner-up",70,IF(G13="2nd Runner-up",50,IF(G13="Semi",30,IF(G13="Quarter",20,0))))) -> 0 | J13: =IFERROR(VLOOKUP(D13,Event_Master!B:E,4,FALSE),1) -> 1 | K13: =(I13*J13) -> 0 | L13: =K13+H13 -> 22.3166
... A102: 46026 | B102: 722393 | C102: =VLOOKUP(B102,Employee_Master!A:B,2,0) -> Koteswara Devireddy | D102: Walk | E102: YES | F102: YES | H102: 35.2506 | I102: =IF(G102="Winner",100,IF(G102="Runner-up",70,IF(G102="2nd Runner-up",50,IF(G102="Semi",30,IF(G102="Quarter",20,0))))) -> 0 | J102: =IFERROR(VLOOKUP(D102,Event_Master!B:E,4,FALSE),1) -> 1 | K102: =(I102*J102) -> 0 | L102: =K102+H102 -> 35.2506
A103: 46360 | B103: 450230 | C103: =VLOOKUP(B103,Employee_Master!A:B,2,0) -> Aarti Gupta | D103: Skipping | E103: YES | F103: YES | H103: =IF(F103="Yes",10,0) -> 10 | I103: =IF(G103="Winner",100,IF(G103="Runner-up",70,IF(G103="2nd Runner-up",50,IF(G103="Semi",30,IF(G103="Quarter",20,0))))) -> 0 | J103: =IFERROR(VLOOKUP(D103,Event_Master!B:E,4,FALSE),1) -> 1 | K103: =(I103*J103) -> 0 | L103: =K103+H103 -> 10
A104: 46360 | B104: 478308 | C104: =VLOOKUP(B104,Employee_Master!A:B,2,0) -> Abhishek savita | D104: Skipping | E104: YES | F104: YES | H104: =IF(F104="Yes",10,0) -> 10 | I104: =IF(G104="Winner",100,IF(G104="Runner-up",70,IF(G104="2nd Runner-up",50,IF(G104="Semi",30,IF(G104="Quarter",20,0))))) -> 0 | J104: =IFERROR(VLOOKUP(D104,Event_Master!B:E,4,FALSE),1) -> 1 | K104: =(I104*J104) -> 0 | L104: =K104+H104 -> 10
A105: 46360 | B105: 466167 | C105: =VLOOKUP(B105,Employee_Master!A:B,2,0) -> Aishwarya Sharma | D105: Skipping | E105: YES | F105: YES | H105: =IF(F105="Yes",10,0) -> 10 | I105: =IF(G105="Winner",100,IF(G105="Runner-up",70,IF(G105="2nd Runner-up",50,IF(G105="Semi",30,IF(G105="Quarter",20,0))))) -> 0 | J105: =IFERROR(VLOOKUP(D105,Event_Master!B:E,4,FALSE),1) -> 1 | K105: =(I105*J105) -> 0 | L105: =K105+H105 -> 10
A106: 46360 | B106: 454456 | C106: =VLOOKUP(B106,Employee_Master!A:B,2,0) -> Akash Deshmukh | D106: Skipping | E106: YES | F106: YES | H106: =IF(F106="Yes",10,0) -> 10 | I106: =IF(G106="Winner",100,IF(G106="Runner-up",70,IF(G106="2nd Runner-up",50,IF(G106="Semi",30,IF(G106="Quarter",20,0))))) -> 0 | J106: =IFERROR(VLOOKUP(D106,Event_Master!B:E,4,FALSE),1) -> 1 | K106: =(I106*J106) -> 0 | L106: =K106+H106 -> 10
A107: 46360 | B107: 722783 | C107: =VLOOKUP(B107,Employee_Master!A:B,2,0) -> Anjali | D107: Skipping | E107: YES | F107: YES | H107: =IF(F107="Yes",10,0) -> 10 | I107: =IF(G107="Winner",100,IF(G107="Runner-up",70,IF(G107="2nd Runner-up",50,IF(G107="Semi",30,IF(G107="Quarter",20,0))))) -> 0 | J107: =IFERROR(VLOOKUP(D107,Event_Master!B:E,4,FALSE),1) -> 1 | K107: =(I107*J107) -> 0 | L107: =K107+H107 -> 10
A108: 46360 | B108: 469899 | C108: =VLOOKUP(B108,Employee_Master!A:B,2,0) -> Ankit | D108: Skipping | E108: YES | F108: YES | H108: =IF(F108="Yes",10,0) -> 10 | I108: =IF(G108="Winner",100,IF(G108="Runner-up",70,IF(G108="2nd Runner-up",50,IF(G108="Semi",30,IF(G108="Quarter",20,0))))) -> 0 | J108: =IFERROR(VLOOKUP(D108,Event_Master!B:E,4,FALSE),1) -> 1 | K108: =(I108*J108) -> 0 | L108: =K108+H108 -> 10
A109: 46360 | B109: 486309 | C109: =VLOOKUP(B109,Employee_Master!A:B,2,0) -> Ankit Bhatt | D109: Skipping | E109: YES | F109: YES | H109: =IF(F109="Yes",10,0) -> 10 | I109: =IF(G109="Winner",100,IF(G109="Runner-up",70,IF(G109="2nd Runner-up",50,IF(G109="Semi",30,IF(G109="Quarter",20,0))))) -> 0 | J109: =IFERROR(VLOOKUP(D109,Event_Master!B:E,4,FALSE),1) -> 1 | K109: =(I109*J109) -> 0 | L109: =K109+H109 -> 10
A110: 46360 | B110: 468157 | C110: =VLOOKUP(B110,Employee_Master!A:B,2,0) -> Ankit Tiwari | D110: Skipping | E110: YES | F110: YES | H110: =IF(F110="Yes",10,0) -> 10 | I110: =IF(G110="Winner",100,IF(G110="Runner-up",70,IF(G110="2nd Runner-up",50,IF(G110="Semi",30,IF(G110="Quarter",20,0))))) -> 0 | J110: =IFERROR(VLOOKUP(D110,Event_Master!B:E,4,FALSE),1) -> 1 | K110: =(I110*J110) -> 0 | L110: =K110+H110 -> 10
A111: 46360 | B111: 467068 | C111: =VLOOKUP(B111,Employee_Master!A:B,2,0) -> Anuj Kumar | D111: Skipping | E111: YES | F111: YES | H111: =IF(F111="Yes",10,0) -> 10 | I111: =IF(G111="Winner",100,IF(G111="Runner-up",70,IF(G111="2nd Runner-up",50,IF(G111="Semi",30,IF(G111="Quarter",20,0))))) -> 0 | J111: =IFERROR(VLOOKUP(D111,Event_Master!B:E,4,FALSE),1) -> 1 | K111: =(I111*J111) -> 0 | L111: =K111+H111 -> 10
A112: 46360 | B112: 466367 | C112: =VLOOKUP(B112,Employee_Master!A:B,2,0) -> Arjun Sharma | D112: Skipping | E112: YES | F112: YES | H112: =IF(F112="Yes",10,0) -> 10 | I112: =IF(G112="Winner",100,IF(G112="Runner-up",70,IF(G112="2nd Runner-up",50,IF(G112="Semi",30,IF(G112="Quarter",20,0))))) -> 0 | J112: =IFERROR(VLOOKUP(D112,Event_Master!B:E,4,FALSE),1) -> 1 | K112: =(I112*J112) -> 0 | L112: =K112+H112 -> 10
A113: 46360 | B113: 478084 | C113: =VLOOKUP(B113,Employee_Master!A:B,2,0) -> Ashish Mishra | D113: Skipping | E113: YES | F113: YES | H113: =IF(F113="Yes",10,0) -> 10 | I113: =IF(G113="Winner",100,IF(G113="Runner-up",70,IF(G113="2nd Runner-up",50,IF(G113="Semi",30,IF(G113="Quarter",20,0))))) -> 0 | J113: =IFERROR(VLOOKUP(D113,Event_Master!B:E,4,FALSE),1) -> 1 | K113: =(I113*J113) -> 0 | L113: =K113+H113 -> 10
A114: 46360 | B114: 452058 | C114: =VLOOKUP(B114,Employee_Master!A:B,2,0) -> Bhavya Gupta | D114: Skipping | E114: YES | F114: YES | H114: =IF(F114="Yes",10,0) -> 10 | I114: =IF(G114="Winner",100,IF(G114="Runner-up",70,IF(G114="2nd Runner-up",50,IF(G114="Semi",30,IF(G114="Quarter",20,0))))) -> 0 | J114: =IFERROR(VLOOKUP(D114,Event_Master!B:E,4,FALSE),1) -> 1 | K114: =(I114*J114) -> 0 | L114: =K114+H114 -> 10
... A159: 46360 | B159: 467519 | C159: =VLOOKUP(B159,Employee_Master!A:B,2,0) -> Vivek Tiwari | D159: Skipping | E159: YES | F159: YES | H159: =IF(F159="Yes",10,0) -> 10 | I159: =IF(G159="Winner",100,IF(G159="Runner-up",70,IF(G159="2nd Runner-up",50,IF(G159="Semi",30,IF(G159="Quarter",20,0))))) -> 0 | J159: =IFERROR(VLOOKUP(D159,Event_Master!B:E,4,FALSE),1) -> 1 | K159: =(I159*J159) -> 0 | L159: =K159+H159 -> 10
A160: 24-04-2026 | B160: 427154 | C160: =VLOOKUP(B160,Employee_Master!A:B,2,0) -> Rohan Mehra | D160: Badminton | E160: YES | F160: YES | H160: =IF(F160="Yes",10,0) -> 10 | I160: =IF(G160="Winner",100,IF(G160="Runner-up",70,IF(G160="2nd Runner-up",50,IF(G160="Semi",30,IF(G160="Quarter",20,0))))) -> 0 | J160: =IFERROR(VLOOKUP(D160,Event_Master!B:E,4,FALSE),1) -> 1.5 | K160: =(I160*J160) -> 0 | L160: =K160+H160 -> 10
A161: 24-04-2026 | B161: 452991 | C161: =VLOOKUP(B161,Employee_Master!A:B,2,0) -> Gourav Rohilla | D161: Badminton | E161: YES | F161: YES | H161: =IF(F161="Yes",10,0) -> 10 | I161: =IF(G161="Winner",100,IF(G161="Runner-up",70,IF(G161="2nd Runner-up",50,IF(G161="Semi",30,IF(G161="Quarter",20,0))))) -> 0 | J161: =IFERROR(VLOOKUP(D161,Event_Master!B:E,4,FALSE),1) -> 1.5 | K161: =(I161*J161) -> 0 | L161: =K161+H161 -> 10
A162: 24-04-2026 | B162: 432865 | C162: =VLOOKUP(B162,Employee_Master!A:B,2,0) -> Rupesh Gandhi | D162: Badminton | E162: YES | F162: YES | H162: =IF(F162="Yes",10,0) -> 10 | I162: =IF(G162="Winner",100,IF(G162="Runner-up",70,IF(G162="2nd Runner-up",50,IF(G162="Semi",30,IF(G162="Quarter",20,0))))) -> 0 | J162: =IFERROR(VLOOKUP(D162,Event_Master!B:E,4,FALSE),1) -> 1.5 | K162: =(I162*J162) -> 0 | L162: =K162+H162 -> 10
A163: 24-04-2026 | B163: 453089 | C163: =VLOOKUP(B163,Employee_Master!A:B,2,0) -> Arun Lamba | D163: Badminton | E163: YES | F163: YES | H163: =IF(F163="Yes",10,0) -> 10 | I163: =IF(G163="Winner",100,IF(G163="Runner-up",70,IF(G163="2nd Runner-up",50,IF(G163="Semi",30,IF(G163="Quarter",20,0))))) -> 0 | J163: =IFERROR(VLOOKUP(D163,Event_Master!B:E,4,FALSE),1) -> 1.5 | K163: =(I163*J163) -> 0 | L163: =K163+H163 -> 10
A164: 24-04-2026 | B164: 465255 | C164: =VLOOKUP(B164,Employee_Master!A:B,2,0) -> Mukul Suman | D164: Badminton | E164: YES | F164: YES | H164: =IF(F164="Yes",10,0) -> 10 | I164: =IF(G164="Winner",100,IF(G164="Runner-up",70,IF(G164="2nd Runner-up",50,IF(G164="Semi",30,IF(G164="Quarter",20,0))))) -> 0 | J164: =IFERROR(VLOOKUP(D164,Event_Master!B:E,4,FALSE),1) -> 1.5 | K164: =(I164*J164) -> 0 | L164: =K164+H164 -> 10
A165: 24-04-2026 | B165: 449551 | C165: =VLOOKUP(B165,Employee_Master!A:B,2,0) -> Ramesh Kumar | D165: Badminton | E165: YES | F165: YES | H165: =IF(F165="Yes",10,0) -> 10 | I165: =IF(G165="Winner",100,IF(G165="Runner-up",70,IF(G165="2nd Runner-up",50,IF(G165="Semi",30,IF(G165="Quarter",20,0))))) -> 0 | J165: =IFERROR(VLOOKUP(D165,Event_Master!B:E,4,FALSE),1) -> 1.5 | K165: =(I165*J165) -> 0 | L165: =K165+H165 -> 10
A166: 24-04-2026 | B166: 454456 | C166: =VLOOKUP(B166,Employee_Master!A:B,2,0) -> Akash Deshmukh | D166: Badminton | E166: YES | F166: YES | H166: =IF(F166="Yes",10,0) -> 10 | I166: =IF(G166="Winner",100,IF(G166="Runner-up",70,IF(G166="2nd Runner-up",50,IF(G166="Semi",30,IF(G166="Quarter",20,0))))) -> 0 | J166: =IFERROR(VLOOKUP(D166,Event_Master!B:E,4,FALSE),1) -> 1.5 | K166: =(I166*J166) -> 0 | L166: =K166+H166 -> 10
A167: 24-04-2026 | B167: 440620 | C167: =VLOOKUP(B167,Employee_Master!A:B,2,0) -> Kuldeep Singh | D167: Badminton | E167: YES | F167: YES | H167: =IF(F167="Yes",10,0) -> 10 | I167: =IF(G167="Winner",100,IF(G167="Runner-up",70,IF(G167="2nd Runner-up",50,IF(G167="Semi",30,IF(G167="Quarter",20,0))))) -> 0 | J167: =IFERROR(VLOOKUP(D167,Event_Master!B:E,4,FALSE),1) -> 1.5 | K167: =(I167*J167) -> 0 | L167: =K167+H167 -> 10
A168: 24-04-2026 | B168: 451567 | C168: =VLOOKUP(B168,Employee_Master!A:B,2,0) -> Gaurav Kumar | D168: Badminton | E168: YES | F168: YES | H168: =IF(F168="Yes",10,0) -> 10 | I168: =IF(G168="Winner",100,IF(G168="Runner-up",70,IF(G168="2nd Runner-up",50,IF(G168="Semi",30,IF(G168="Quarter",20,0))))) -> 0 | J168: =IFERROR(VLOOKUP(D168,Event_Master!B:E,4,FALSE),1) -> 1.5 | K168: =(I168*J168) -> 0 | L168: =K168+H168 -> 10
A169: 24-04-2026 | B169: 476372 | C169: =VLOOKUP(B169,Employee_Master!A:B,2,0) -> Laksh | D169: Badminton | E169: YES | F169: YES | H169: =IF(F169="Yes",10,0) -> 10 | I169: =IF(G169="Winner",100,IF(G169="Runner-up",70,IF(G169="2nd Runner-up",50,IF(G169="Semi",30,IF(G169="Quarter",20,0))))) -> 0 | J169: =IFERROR(VLOOKUP(D169,Event_Master!B:E,4,FALSE),1) -> 1.5 | K169: =(I169*J169) -> 0 | L169: =K169+H169 -> 10
A170: 24-04-2026 | B170: 466445 | C170: =VLOOKUP(B170,Employee_Master!A:B,2,0) -> Ayush Kumar | D170: Badminton | E170: YES | F170: YES | H170: =IF(F170="Yes",10,0) -> 10 | I170: =IF(G170="Winner",100,IF(G170="Runner-up",70,IF(G170="2nd Runner-up",50,IF(G170="Semi",30,IF(G170="Quarter",20,0))))) -> 0 | J170: =IFERROR(VLOOKUP(D170,Event_Master!B:E,4,FALSE),1) -> 1.5 | K170: =(I170*J170) -> 0 | L170: =K170+H170 -> 10
A171: 24-04-2026 | B171: 478084 | C171: =VLOOKUP(B171,Employee_Master!A:B,2,0) -> Ashish Mishra | D171: Badminton | E171: YES | F171: YES | H171: =IF(F171="Yes",10,0) -> 10 | I171: =IF(G171="Winner",100,IF(G171="Runner-up",70,IF(G171="2nd Runner-up",50,IF(G171="Semi",30,IF(G171="Quarter",20,0))))) -> 0 | J171: =IFERROR(VLOOKUP(D171,Event_Master!B:E,4,FALSE),1) -> 1.5 | K171: =(I171*J171) -> 0 | L171: =K171+H171 -> 10
... A178: 24-04-2026 | B178: 465254 | C178: =VLOOKUP(B178,Employee_Master!A:B,2,0) -> Narender Kumar | D178: Badminton | E178: YES | F178: YES | H178: =IF(F178="Yes",10,0) -> 10 | I178: =IF(G178="Winner",100,IF(G178="Runner-up",70,IF(G178="2nd Runner-up",50,IF(G178="Semi",30,IF(G178="Quarter",20,0))))) -> 0 | J178: =IFERROR(VLOOKUP(D178,Event_Master!B:E,4,FALSE),1) -> 1.5 | K178: =(I178*J178) -> 0 | L178: =K178+H178 -> 10
A179: 24-04-2026 | B179: 452056 | C179: =VLOOKUP(B179,Employee_Master!A:B,2,0) -> Rupesh | D179: Badminton | E179: YES | F179: YES | G179: 2nd Runner-up | H179: =IF(F179="Yes",10,0) -> 10 | I179: =IF(G179="Winner",100,IF(G179="Runner-up",70,IF(G179="2nd Runner-up",50,IF(G179="Semi",30,IF(G179="Quarter",20,0))))) -> 50 | J179: =IFERROR(VLOOKUP(D179,Event_Master!B:E,4,FALSE),1) -> 1.5 | K179: =(I179*J179) -> 75 | L179: =K179+H179 -> 85
A180: 24-04-2026 | B180: 457157 | C180: =VLOOKUP(B180,Employee_Master!A:B,2,0) -> Sachin Kashyap | D180: Badminton | E180: YES | F180: YES | G180: 2nd Runner-up | H180: =IF(F180="Yes",10,0) -> 10 | I180: =IF(G180="Winner",100,IF(G180="Runner-up",70,IF(G180="2nd Runner-up",50,IF(G180="Semi",30,IF(G180="Quarter",20,0))))) -> 50 | J180: =IFERROR(VLOOKUP(D180,Event_Master!B:E,4,FALSE),1) -> 1.5 | K180: =(I180*J180) -> 75 | L180: =K180+H180 -> 85
A181: 24-04-2026 | B181: 722393 | C181: =VLOOKUP(B181,Employee_Master!A:B,2,0) -> Koteswara Devireddy | D181: Badminton | E181: YES | F181: YES | H181: =IF(F181="Yes",10,0) -> 10 | I181: =IF(G181="Winner",100,IF(G181="Runner-up",70,IF(G181="2nd Runner-up",50,IF(G181="Semi",30,IF(G181="Quarter",20,0))))) -> 0 | J181: =IFERROR(VLOOKUP(D181,Event_Master!B:E,4,FALSE),1) -> 1.5 | K181: =(I181*J181) -> 0 | L181: =K181+H181 -> 10
A182: 24-04-2026 | B182: 416087 | C182: =VLOOKUP(B182,Employee_Master!A:B,2,0) -> Manoj Singh | D182: Badminton | E182: YES | F182: YES | H182: =IF(F182="Yes",10,0) -> 10 | I182: =IF(G182="Winner",100,IF(G182="Runner-up",70,IF(G182="2nd Runner-up",50,IF(G182="Semi",30,IF(G182="Quarter",20,0))))) -> 0 | J182: =IFERROR(VLOOKUP(D182,Event_Master!B:E,4,FALSE),1) -> 1.5 | K182: =(I182*J182) -> 0 | L182: =K182+H182 -> 10
A183: 24-04-2026 | B183: 486309 | C183: =VLOOKUP(B183,Employee_Master!A:B,2,0) -> Ankit Bhatt | D183: Badminton | E183: YES | F183: YES | H183: =IF(F183="Yes",10,0) -> 10 | I183: =IF(G183="Winner",100,IF(G183="Runner-up",70,IF(G183="2nd Runner-up",50,IF(G183="Semi",30,IF(G183="Quarter",20,0))))) -> 0 | J183: =IFERROR(VLOOKUP(D183,Event_Master!B:E,4,FALSE),1) -> 1.5 | K183: =(I183*J183) -> 0 | L183: =K183+H183 -> 10
A184: 24-04-2026 | B184: 457430 | C184: =VLOOKUP(B184,Employee_Master!A:B,2,0) -> Manish Kumar | D184: Badminton | E184: YES | F184: YES | H184: =IF(F184="Yes",10,0) -> 10 | I184: =IF(G184="Winner",100,IF(G184="Runner-up",70,IF(G184="2nd Runner-up",50,IF(G184="Semi",30,IF(G184="Quarter",20,0))))) -> 0 | J184: =IFERROR(VLOOKUP(D184,Event_Master!B:E,4,FALSE),1) -> 1.5 | K184: =(I184*J184) -> 0 | L184: =K184+H184 -> 10
A185: 24-04-2026 | B185: 716610 | C185: =VLOOKUP(B185,Employee_Master!A:B,2,0) -> Naval Singh | D185: Badminton | E185: YES | F185: YES | G185: 2nd Runner-up | H185: =IF(F185="Yes",10,0) -> 10 | I185: =IF(G185="Winner",100,IF(G185="Runner-up",70,IF(G185="2nd Runner-up",50,IF(G185="Semi",30,IF(G185="Quarter",20,0))))) -> 50 | J185: =IFERROR(VLOOKUP(D185,Event_Master!B:E,4,FALSE),1) -> 1.5 | K185: =(I185*J185) -> 75 | L185: =K185+H185 -> 85
A186: 24-04-2026 | B186: 450228 | C186: =VLOOKUP(B186,Employee_Master!A:B,2,0) -> Shubham Sharma | D186: Badminton | E186: YES | F186: YES | H186: =IF(F186="Yes",10,0) -> 10 | I186: =IF(G186="Winner",100,IF(G186="Runner-up",70,IF(G186="2nd Runner-up",50,IF(G186="Semi",30,IF(G186="Quarter",20,0))))) -> 0 | J186: =IFERROR(VLOOKUP(D186,Event_Master!B:E,4,FALSE),1) -> 1.5 | K186: =(I186*J186) -> 0 | L186: =K186+H186 -> 10
A187: 24-04-2026 | B187: 466367 | C187: =VLOOKUP(B187,Employee_Master!A:B,2,0) -> Arjun Sharma | D187: Badminton | E187: YES | F187: YES | H187: =IF(F187="Yes",10,0) -> 10 | I187: =IF(G187="Winner",100,IF(G187="Runner-up",70,IF(G187="2nd Runner-up",50,IF(G187="Semi",30,IF(G187="Quarter",20,0))))) -> 0 | J187: =IFERROR(VLOOKUP(D187,Event_Master!B:E,4,FALSE),1) -> 1.5 | K187: =(I187*J187) -> 0 | L187: =K187+H187 -> 10
A188: 24-04-2026 | B188: 450224 | C188: =VLOOKUP(B188,Employee_Master!A:B,2,0) -> Lalit Nagar | D188: Badminton | E188: YES | F188: YES | H188: =IF(F188="Yes",10,0) -> 10 | I188: =IF(G188="Winner",100,IF(G188="Runner-up",70,IF(G188="2nd Runner-up",50,IF(G188="Semi",30,IF(G188="Quarter",20,0))))) -> 0 | J188: =IFERROR(VLOOKUP(D188,Event_Master!B:E,4,FALSE),1) -> 1.5 | K188: =(I188*J188) -> 0 | L188: =K188+H188 -> 10
A189: 24-04-2026 | B189: 452121 | C189: =VLOOKUP(B189,Employee_Master!A:B,2,0) -> Nishi Singh | D189: Badminton | E189: YES | F189: YES | G189: 2nd Runner-up | H189: =IF(F189="Yes",10,0) -> 10 | I189: =IF(G189="Winner",100,IF(G189="Runner-up",70,IF(G189="2nd Runner-up",50,IF(G189="Semi",30,IF(G189="Quarter",20,0))))) -> 50 | J189: =IFERROR(VLOOKUP(D189,Event_Master!B:E,4,FALSE),1) -> 1.5 | K189: =(I189*J189) -> 75 | L189: =K189+H189 -> 85
A190: 24-04-2026 | B190: 450437 | C190: =VLOOKUP(B190,Employee_Master!A:B,2,0) -> Tinku Shekhawat | D190: Badminton | E190: YES | F190: YES | H190: =IF(F190="Yes",10,0) -> 10 | I190: =IF(G190="Winner",100,IF(G190="Runner-up",70,IF(G190="2nd Runner-up",50,IF(G190="Semi",30,IF(G190="Quarter",20,0))))) -> 0 | J190: =IFERROR(VLOOKUP(D190,Event_Master!B:E,4,FALSE),1) -> 1.5 | K190: =(I190*J190) -> 0 | L190: =K190+H190 -> 10
A191: 24-04-2026 | B191: 452115 | C191: =VLOOKUP(B191,Employee_Master!A:B,2,0) -> Anshul Sharma | D191: Badminton | E191: YES | F191: YES | H191: =IF(F191="Yes",10,0) -> 10 | I191: =IF(G191="Winner",100,IF(G191="Runner-up",70,IF(G191="2nd Runner-up",50,IF(G191="Semi",30,IF(G191="Quarter",20,0))))) -> 0 | J191: =IFERROR(VLOOKUP(D191,Event_Master!B:E,4,FALSE),1) -> 1.5 | K191: =(I191*J191) -> 0 | L191: =K191+H191 -> 10
A192: 24-04-2026 | B192: 451509 | C192: =VLOOKUP(B192,Employee_Master!A:B,2,0) -> Vivek Aswal | D192: Badminton | E192: YES | F192: YES | G192: Runner-up | H192: =IF(F192="Yes",10,0) -> 10 | I192: =IF(G192="Winner",100,IF(G192="Runner-up",70,IF(G192="2nd Runner-up",50,IF(G192="Semi",30,IF(G192="Quarter",20,0))))) -> 70 | J192: =IFERROR(VLOOKUP(D192,Event_Master!B:E,4,FALSE),1) -> 1.5 | K192: =(I192*J192) -> 105 | L192: =K192+H192 -> 115
A193: 24-04-2026 | B193: 452076 | C193: =VLOOKUP(B193,Employee_Master!A:B,2,0) -> Shraddha Singh | D193: Badminton | E193: YES | F193: YES | G193: Runner-up | H193: =IF(F193="Yes",10,0) -> 10 | I193: =IF(G193="Winner",100,IF(G193="Runner-up",70,IF(G193="2nd Runner-up",50,IF(G193="Semi",30,IF(G193="Quarter",20,0))))) -> 70 | J193: =IFERROR(VLOOKUP(D193,Event_Master!B:E,4,FALSE),1) -> 1.5 | K193: =(I193*J193) -> 105 | L193: =K193+H193 -> 115
A194: 24-04-2026 | B194: 420109 | C194: =VLOOKUP(B194,Employee_Master!A:B,2,0) -> Chandraprakash Nandwana | D194: Badminton | E194: YES | F194: YES | H194: =IF(F194="Yes",10,0) -> 10 | I194: =IF(G194="Winner",100,IF(G194="Runner-up",70,IF(G194="2nd Runner-up",50,IF(G194="Semi",30,IF(G194="Quarter",20,0))))) -> 0 | J194: =IFERROR(VLOOKUP(D194,Event_Master!B:E,4,FALSE),1) -> 1.5 | K194: =(I194*J194) -> 0 | L194: =K194+H194 -> 10
A195: 24-04-2026 | B195: 450030 | C195: =VLOOKUP(B195,Employee_Master!A:B,2,0) -> Manish bisht | D195: Badminton | E195: YES | F195: YES | H195: =IF(F195="Yes",10,0) -> 10 | I195: =IF(G195="Winner",100,IF(G195="Runner-up",70,IF(G195="2nd Runner-up",50,IF(G195="Semi",30,IF(G195="Quarter",20,0))))) -> 0 | J195: =IFERROR(VLOOKUP(D195,Event_Master!B:E,4,FALSE),1) -> 1.5 | K195: =(I195*J195) -> 0 | L195: =K195+H195 -> 10
A196: 24-04-2026 | B196: 365114 | C196: =VLOOKUP(B196,Employee_Master!A:B,2,0) -> Bhanu Sirohi | D196: Badminton | E196: YES | F196: YES | H196: =IF(F196="Yes",10,0) -> 10 | I196: =IF(G196="Winner",100,IF(G196="Runner-up",70,IF(G196="2nd Runner-up",50,IF(G196="Semi",30,IF(G196="Quarter",20,0))))) -> 0 | J196: =IFERROR(VLOOKUP(D196,Event_Master!B:E,4,FALSE),1) -> 1.5 | K196: =(I196*J196) -> 0 | L196: =K196+H196 -> 10
A197: 24-04-2026 | B197: 468660 | C197: =VLOOKUP(B197,Employee_Master!A:B,2,0) -> Samay Raj | D197: Badminton | E197: YES | F197: YES | H197: =IF(F197="Yes",10,0) -> 10 | I197: =IF(G197="Winner",100,IF(G197="Runner-up",70,IF(G197="2nd Runner-up",50,IF(G197="Semi",30,IF(G197="Quarter",20,0))))) -> 0 | J197: =IFERROR(VLOOKUP(D197,Event_Master!B:E,4,FALSE),1) -> 1.5 | K197: =(I197*J197) -> 0 | L197: =K197+H197 -> 10
A198: 24-04-2026 | B198: 430977 | C198: =VLOOKUP(B198,Employee_Master!A:B,2,0) -> Akshit Sood | D198: Badminton | E198: YES | F198: YES | G198: 2nd Runner-up | H198: =IF(F198="Yes",10,0) -> 10 | I198: =IF(G198="Winner",100,IF(G198="Runner-up",70,IF(G198="2nd Runner-up",50,IF(G198="Semi",30,IF(G198="Quarter",20,0))))) -> 50 | J198: =IFERROR(VLOOKUP(D198,Event_Master!B:E,4,FALSE),1) -> 1.5 | K198: =(I198*J198) -> 75 | L198: =K198+H198 -> 85
A199: 24-04-2026 | B199: 396485 | C199: =VLOOKUP(B199,Employee_Master!A:B,2,0) -> Khushbir Singh | D199: Badminton | E199: YES | F199: YES | H199: =IF(F199="Yes",10,0) -> 10 | I199: =IF(G199="Winner",100,IF(G199="Runner-up",70,IF(G199="2nd Runner-up",50,IF(G199="Semi",30,IF(G199="Quarter",20,0))))) -> 0 | J199: =IFERROR(VLOOKUP(D199,Event_Master!B:E,4,FALSE),1) -> 1.5 | K199: =(I199*J199) -> 0 | L199: =K199+H199 -> 10
A200: 24-04-2026 | B200: 426232 | C200: =VLOOKUP(B200,Employee_Master!A:B,2,0) -> Varish Hussain | D200: Badminton | E200: YES | F200: YES | H200: =IF(F200="Yes",10,0) -> 10 | I200: =IF(G200="Winner",100,IF(G200="Runner-up",70,IF(G200="2nd Runner-up",50,IF(G200="Semi",30,IF(G200="Quarter",20,0))))) -> 0 | J200: =IFERROR(VLOOKUP(D200,Event_Master!B:E,4,FALSE),1) -> 1.5 | K200: =(I200*J200) -> 0 | L200: =K200+H200 -> 10
A201: 24-04-2026 | B201: 463833 | C201: =VLOOKUP(B201,Employee_Master!A:B,2,0) -> Kartik Shakya | D201: Badminton | E201: YES | F201: YES | H201: =IF(F201="Yes",10,0) -> 10 | I201: =IF(G201="Winner",100,IF(G201="Runner-up",70,IF(G201="2nd Runner-up",50,IF(G201="Semi",30,IF(G201="Quarter",20,0))))) -> 0 | J201: =IFERROR(VLOOKUP(D201,Event_Master!B:E,4,FALSE),1) -> 1.5 | K201: =(I201*J201) -> 0 | L201: =K201+H201 -> 10
A202: 24-04-2026 | B202: 487107 | C202: =VLOOKUP(B202,Employee_Master!A:B,2,0) -> Manish Kr. Singh | D202: Badminton | E202: YES | F202: YES | H202: =IF(F202="Yes",10,0) -> 10 | I202: =IF(G202="Winner",100,IF(G202="Runner-up",70,IF(G202="2nd Runner-up",50,IF(G202="Semi",30,IF(G202="Quarter",20,0))))) -> 0 | J202: =IFERROR(VLOOKUP(D202,Event_Master!B:E,4,FALSE),1) -> 1.5 | K202: =(I202*J202) -> 0 | L202: =K202+H202 -> 10
A203: 24-04-2026 | B203: 436468 | C203: =VLOOKUP(B203,Employee_Master!A:B,2,0) -> Karan Singh | D203: Badminton | E203: YES | F203: YES | H203: =IF(F203="Yes",10,0) -> 10 | I203: =IF(G203="Winner",100,IF(G203="Runner-up",70,IF(G203="2nd Runner-up",50,IF(G203="Semi",30,IF(G203="Quarter",20,0))))) -> 0 | J203: =IFERROR(VLOOKUP(D203,Event_Master!B:E,4,FALSE),1) -> 1.5 | K203: =(I203*J203) -> 0 | L203: =K203+H203 -> 10
A204: 24-04-2026 | B204: 460764 | C204: =VLOOKUP(B204,Employee_Master!A:B,2,0) -> Himanshu Yadav | D204: Badminton | E204: YES | F204: YES | H204: =IF(F204="Yes",10,0) -> 10 | I204: =IF(G204="Winner",100,IF(G204="Runner-up",70,IF(G204="2nd Runner-up",50,IF(G204="Semi",30,IF(G204="Quarter",20,0))))) -> 0 | J204: =IFERROR(VLOOKUP(D204,Event_Master!B:E,4,FALSE),1) -> 1.5 | K204: =(I204*J204) -> 0 | L204: =K204+H204 -> 10
A205: 24-04-2026 | B205: 700216 | C205: =VLOOKUP(B205,Employee_Master!A:B,2,0) -> Shivam Rani | D205: Badminton | E205: YES | F205: YES | G205: Runner-up | H205: =IF(F205="Yes",10,0) -> 10 | I205: =IF(G205="Winner",100,IF(G205="Runner-up",70,IF(G205="2nd Runner-up",50,IF(G205="Semi",30,IF(G205="Quarter",20,0))))) -> 70 | J205: =IFERROR(VLOOKUP(D205,Event_Master!B:E,4,FALSE),1) -> 1.5 | K205: =(I205*J205) -> 105 | L205: =K205+H205 -> 115
A206: 24-04-2026 | B206: 420533 | C206: =VLOOKUP(B206,Employee_Master!A:B,2,0) -> Gaurav Saxena | D206: Badminton | E206: YES | F206: YES | H206: =IF(F206="Yes",10,0) -> 10 | I206: =IF(G206="Winner",100,IF(G206="Runner-up",70,IF(G206="2nd Runner-up",50,IF(G206="Semi",30,IF(G206="Quarter",20,0))))) -> 0 | J206: =IFERROR(VLOOKUP(D206,Event_Master!B:E,4,FALSE),1) -> 1.5 | K206: =(I206*J206) -> 0 | L206: =K206+H206 -> 10
A207: 24-04-2026 | B207: 708792 | C207: =VLOOKUP(B207,Employee_Master!A:B,2,0) -> Shubhanshu Pandey | D207: Badminton | E207: YES | F207: YES | H207: =IF(F207="Yes",10,0) -> 10 | I207: =IF(G207="Winner",100,IF(G207="Runner-up",70,IF(G207="2nd Runner-up",50,IF(G207="Semi",30,IF(G207="Quarter",20,0))))) -> 0 | J207: =IFERROR(VLOOKUP(D207,Event_Master!B:E,4,FALSE),1) -> 1.5 | K207: =(I207*J207) -> 0 | L207: =K207+H207 -> 10
A208: 24-04-2026 | B208: 424332 | C208: =VLOOKUP(B208,Employee_Master!A:B,2,0) -> Naresh Kumar | D208: Badminton | E208: YES | F208: YES | H208: =IF(F208="Yes",10,0) -> 10 | I208: =IF(G208="Winner",100,IF(G208="Runner-up",70,IF(G208="2nd Runner-up",50,IF(G208="Semi",30,IF(G208="Quarter",20,0))))) -> 0 | J208: =IFERROR(VLOOKUP(D208,Event_Master!B:E,4,FALSE),1) -> 1.5 | K208: =(I208*J208) -> 0 | L208: =K208+H208 -> 10
A209: 24-04-2026 | B209: 452073 | C209: =VLOOKUP(B209,Employee_Master!A:B,2,0) -> Aashish | D209: Badminton | E209: YES | F209: YES | H209: =IF(F209="Yes",10,0) -> 10 | I209: =IF(G209="Winner",100,IF(G209="Runner-up",70,IF(G209="2nd Runner-up",50,IF(G209="Semi",30,IF(G209="Quarter",20,0))))) -> 0 | J209: =IFERROR(VLOOKUP(D209,Event_Master!B:E,4,FALSE),1) -> 1.5 | K209: =(I209*J209) -> 0 | L209: =K209+H209 -> 10
A210: 24-04-2026 | B210: 459464 | C210: =VLOOKUP(B210,Employee_Master!A:B,2,0) -> Manish Kumar Maury | D210: Badminton | E210: YES | F210: YES | H210: =IF(F210="Yes",10,0) -> 10 | I210: =IF(G210="Winner",100,IF(G210="Runner-up",70,IF(G210="2nd Runner-up",50,IF(G210="Semi",30,IF(G210="Quarter",20,0))))) -> 0 | J210: =IFERROR(VLOOKUP(D210,Event_Master!B:E,4,FALSE),1) -> 1.5 | K210: =(I210*J210) -> 0 | L210: =K210+H210 -> 10
A211: 24-04-2026 | B211: 449890 | C211: =VLOOKUP(B211,Employee_Master!A:B,2,0) -> Ashish Baghel | D211: Badminton | E211: YES | F211: YES | H211: =IF(F211="Yes",10,0) -> 10 | I211: =IF(G211="Winner",100,IF(G211="Runner-up",70,IF(G211="2nd Runner-up",50,IF(G211="Semi",30,IF(G211="Quarter",20,0))))) -> 0 | J211: =IFERROR(VLOOKUP(D211,Event_Master!B:E,4,FALSE),1) -> 1.5 | K211: =(I211*J211) -> 0 | L211: =K211+H211 -> 10
A212: 24-04-2026 | B212: 450256 | C212: =VLOOKUP(B212,Employee_Master!A:B,2,0) -> Jyotish Patar | D212: Badminton | E212: YES | F212: YES | H212: =IF(F212="Yes",10,0) -> 10 | I212: =IF(G212="Winner",100,IF(G212="Runner-up",70,IF(G212="2nd Runner-up",50,IF(G212="Semi",30,IF(G212="Quarter",20,0))))) -> 0 | J212: =IFERROR(VLOOKUP(D212,Event_Master!B:E,4,FALSE),1) -> 1.5 | K212: =(I212*J212) -> 0 | L212: =K212+H212 -> 10
A213: 24-04-2026 | B213: 438864 | C213: =VLOOKUP(B213,Employee_Master!A:B,2,0) -> Rajan Gupta | D213: Badminton | E213: YES | F213: YES | H213: =IF(F213="Yes",10,0) -> 10 | I213: =IF(G213="Winner",100,IF(G213="Runner-up",70,IF(G213="2nd Runner-up",50,IF(G213="Semi",30,IF(G213="Quarter",20,0))))) -> 0 | J213: =IFERROR(VLOOKUP(D213,Event_Master!B:E,4,FALSE),1) -> 1.5 | K213: =(I213*J213) -> 0 | L213: =K213+H213 -> 10
A214: 24-04-2026 | B214: 438263 | C214: =VLOOKUP(B214,Employee_Master!A:B,2,0) -> Vikash Kumar | D214: Badminton | E214: YES | F214: YES | H214: =IF(F214="Yes",10,0) -> 10 | I214: =IF(G214="Winner",100,IF(G214="Runner-up",70,IF(G214="2nd Runner-up",50,IF(G214="Semi",30,IF(G214="Quarter",20,0))))) -> 0 | J214: =IFERROR(VLOOKUP(D214,Event_Master!B:E,4,FALSE),1) -> 1.5 | K214: =(I214*J214) -> 0 | L214: =K214+H214 -> 10
A215: 24-04-2026 | B215: 467519 | C215: =VLOOKUP(B215,Employee_Master!A:B,2,0) -> Vivek Tiwari | D215: Badminton | E215: YES | F215: YES | H215: =IF(F215="Yes",10,0) -> 10 | I215: =IF(G215="Winner",100,IF(G215="Runner-up",70,IF(G215="2nd Runner-up",50,IF(G215="Semi",30,IF(G215="Quarter",20,0))))) -> 0 | J215: =IFERROR(VLOOKUP(D215,Event_Master!B:E,4,FALSE),1) -> 1.5 | K215: =(I215*J215) -> 0 | L215: =K215+H215 -> 10
A216: 24-04-2026 | B216: 434518 | C216: =VLOOKUP(B216,Employee_Master!A:B,2,0) -> Maneesh Mohan | D216: Badminton | E216: YES | F216: YES | G216: Winner | H216: =IF(F216="Yes",10,0) -> 10 | I216: =IF(G216="Winner",100,IF(G216="Runner-up",70,IF(G216="2nd Runner-up",50,IF(G216="Semi",30,IF(G216="Quarter",20,0))))) -> 100 | J216: =IFERROR(VLOOKUP(D216,Event_Master!B:E,4,FALSE),1) -> 1.5 | K216: =(I216*J216) -> 150 | L216: =K216+H216 -> 160
A217: 24-04-2026 | B217: 484877 | C217: =VLOOKUP(B217,Employee_Master!A:B,2,0) -> Prashant Gupta | D217: Badminton | E217: YES | F217: YES | H217: =IF(F217="Yes",10,0) -> 10 | I217: =IF(G217="Winner",100,IF(G217="Runner-up",70,IF(G217="2nd Runner-up",50,IF(G217="Semi",30,IF(G217="Quarter",20,0))))) -> 0 | J217: =IFERROR(VLOOKUP(D217,Event_Master!B:E,4,FALSE),1) -> 1.5 | K217: =(I217*J217) -> 0 | L217: =K217+H217 -> 10
A218: 24-04-2026 | B218: 705995 | C218: =VLOOKUP(B218,Employee_Master!A:B,2,0) -> Sahil. | D218: Badminton | E218: YES | F218: YES | H218: =IF(F218="Yes",10,0) -> 10 | I218: =IF(G218="Winner",100,IF(G218="Runner-up",70,IF(G218="2nd Runner-up",50,IF(G218="Semi",30,IF(G218="Quarter",20,0))))) -> 0 | J218: =IFERROR(VLOOKUP(D218,Event_Master!B:E,4,FALSE),1) -> 1.5 | K218: =(I218*J218) -> 0 | L218: =K218+H218 -> 10
A219: 24-04-2026 | B219: 460812 | C219: =VLOOKUP(B219,Employee_Master!A:B,2,0) -> Deepak Sharma | D219: Badminton | E219: YES | F219: YES | H219: =IF(F219="Yes",10,0) -> 10 | I219: =IF(G219="Winner",100,IF(G219="Runner-up",70,IF(G219="2nd Runner-up",50,IF(G219="Semi",30,IF(G219="Quarter",20,0))))) -> 0 | J219: =IFERROR(VLOOKUP(D219,Event_Master!B:E,4,FALSE),1) -> 1.5 | K219: =(I219*J219) -> 0 | L219: =K219+H219 -> 10
A220: 24-04-2026 | B220: 464500 | C220: =VLOOKUP(B220,Employee_Master!A:B,2,0) -> Dalip Sharma | D220: Badminton | E220: YES | F220: YES | H220: =IF(F220="Yes",10,0) -> 10 | I220: =IF(G220="Winner",100,IF(G220="Runner-up",70,IF(G220="2nd Runner-up",50,IF(G220="Semi",30,IF(G220="Quarter",20,0))))) -> 0 | J220: =IFERROR(VLOOKUP(D220,Event_Master!B:E,4,FALSE),1) -> 1.5 | K220: =(I220*J220) -> 0 | L220: =K220+H220 -> 10
A221: 24-04-2026 | B221: 456091 | C221: =VLOOKUP(B221,Employee_Master!A:B,2,0) -> Abhinesh Pandey | D221: Badminton | E221: YES | F221: YES | H221: =IF(F221="Yes",10,0) -> 10 | I221: =IF(G221="Winner",100,IF(G221="Runner-up",70,IF(G221="2nd Runner-up",50,IF(G221="Semi",30,IF(G221="Quarter",20,0))))) -> 0 | J221: =IFERROR(VLOOKUP(D221,Event_Master!B:E,4,FALSE),1) -> 1.5 | K221: =(I221*J221) -> 0 | L221: =K221+H221 -> 10
A222: 24-04-2026 | B222: 416828 | C222: =VLOOKUP(B222,Employee_Master!A:B,2,0) -> Keshav Dev | D222: Badminton | E222: YES | F222: YES | H222: =IF(F222="Yes",10,0) -> 10 | I222: =IF(G222="Winner",100,IF(G222="Runner-up",70,IF(G222="2nd Runner-up",50,IF(G222="Semi",30,IF(G222="Quarter",20,0))))) -> 0 | J222: =IFERROR(VLOOKUP(D222,Event_Master!B:E,4,FALSE),1) -> 1.5 | K222: =(I222*J222) -> 0 | L222: =K222+H222 -> 10
A223: 24-04-2026 | B223: 449635 | C223: =VLOOKUP(B223,Employee_Master!A:B,2,0) -> Sushma Tiwari | D223: Badminton | E223: YES | F223: YES | H223: =IF(F223="Yes",10,0) -> 10 | I223: =IF(G223="Winner",100,IF(G223="Runner-up",70,IF(G223="2nd Runner-up",50,IF(G223="Semi",30,IF(G223="Quarter",20,0))))) -> 0 | J223: =IFERROR(VLOOKUP(D223,Event_Master!B:E,4,FALSE),1) -> 1.5 | K223: =(I223*J223) -> 0 | L223: =K223+H223 -> 10
A224: 24-04-2026 | B224: 458702 | C224: =VLOOKUP(B224,Employee_Master!A:B,2,0) -> Jasbeer Singh | D224: Badminton | E224: YES | F224: YES | G224: Winner | H224: =IF(F224="Yes",10,0) -> 10 | I224: =IF(G224="Winner",100,IF(G224="Runner-up",70,IF(G224="2nd Runner-up",50,IF(G224="Semi",30,IF(G224="Quarter",20,0))))) -> 100 | J224: =IFERROR(VLOOKUP(D224,Event_Master!B:E,4,FALSE),1) -> 1.5 | K224: =(I224*J224) -> 150 | L224: =K224+H224 -> 160
A225: 24-04-2026 | B225: 474194 | C225: =VLOOKUP(B225,Employee_Master!A:B,2,0) -> Rohit Yadav | D225: Badminton | E225: YES | F225: YES | G225: Winner | H225: =IF(F225="Yes",10,0) -> 10 | I225: =IF(G225="Winner",100,IF(G225="Runner-up",70,IF(G225="2nd Runner-up",50,IF(G225="Semi",30,IF(G225="Quarter",20,0))))) -> 100 | J225: =IFERROR(VLOOKUP(D225,Event_Master!B:E,4,FALSE),1) -> 1.5 | K225: =(I225*J225) -> 150 | L225: =K225+H225 -> 160
A226: 24-04-2026 | B226: 438679 | C226: =VLOOKUP(B226,Employee_Master!A:B,2,0) -> Saurabh Kumar | D226: Badminton | E226: YES | F226: YES | G226: Winner | H226: =IF(F226="Yes",10,0) -> 10 | I226: =IF(G226="Winner",100,IF(G226="Runner-up",70,IF(G226="2nd Runner-up",50,IF(G226="Semi",30,IF(G226="Quarter",20,0))))) -> 100 | J226: =IFERROR(VLOOKUP(D226,Event_Master!B:E,4,FALSE),1) -> 1.5 | K226: =(I226*J226) -> 150 | L226: =K226+H226 -> 160
A227: 24-04-2026 | B227: 452118 | C227: =VLOOKUP(B227,Employee_Master!A:B,2,0) -> Riya Kumari | D227: Badminton | E227: YES | F227: YES | H227: =IF(F227="Yes",10,0) -> 10 | I227: =IF(G227="Winner",100,IF(G227="Runner-up",70,IF(G227="2nd Runner-up",50,IF(G227="Semi",30,IF(G227="Quarter",20,0))))) -> 0 | J227: =IFERROR(VLOOKUP(D227,Event_Master!B:E,4,FALSE),1) -> 1.5 | K227: =(I227*J227) -> 0 | L227: =K227+H227 -> 10
A228: 24-04-2026 | B228: 452059 | C228: =VLOOKUP(B228,Employee_Master!A:B,2,0) -> Mahi Singh | D228: Badminton | E228: YES | F228: YES | H228: =IF(F228="Yes",10,0) -> 10 | I228: =IF(G228="Winner",100,IF(G228="Runner-up",70,IF(G228="2nd Runner-up",50,IF(G228="Semi",30,IF(G228="Quarter",20,0))))) -> 0 | J228: =IFERROR(VLOOKUP(D228,Event_Master!B:E,4,FALSE),1) -> 1.5 | K228: =(I228*J228) -> 0 | L228: =K228+H228 -> 10
A229: 24-04-2026 | B229: 449891 | C229: =VLOOKUP(B229,Employee_Master!A:B,2,0) -> Komalpreet | D229: Badminton | E229: YES | F229: YES | H229: =IF(F229="Yes",10,0) -> 10 | I229: =IF(G229="Winner",100,IF(G229="Runner-up",70,IF(G229="2nd Runner-up",50,IF(G229="Semi",30,IF(G229="Quarter",20,0))))) -> 0 | J229: =IFERROR(VLOOKUP(D229,Event_Master!B:E,4,FALSE),1) -> 1.5 | K229: =(I229*J229) -> 0 | L229: =K229+H229 -> 10
A230: 24-04-2026 | B230: 450230 | C230: =VLOOKUP(B230,Employee_Master!A:B,2,0) -> Aarti Gupta | D230: Badminton | E230: YES | F230: YES | H230: =IF(F230="Yes",10,0) -> 10 | I230: =IF(G230="Winner",100,IF(G230="Runner-up",70,IF(G230="2nd Runner-up",50,IF(G230="Semi",30,IF(G230="Quarter",20,0))))) -> 0 | J230: =IFERROR(VLOOKUP(D230,Event_Master!B:E,4,FALSE),1) -> 1.5 | K230: =(I230*J230) -> 0 | L230: =K230+H230 -> 10
A231: 24-04-2026 | B231: 452075 | C231: =VLOOKUP(B231,Employee_Master!A:B,2,0) -> Mansi Yadav | D231: Badminton | E231: YES | F231: YES | H231: =IF(F231="Yes",10,0) -> 10 | I231: =IF(G231="Winner",100,IF(G231="Runner-up",70,IF(G231="2nd Runner-up",50,IF(G231="Semi",30,IF(G231="Quarter",20,0))))) -> 0 | J231: =IFERROR(VLOOKUP(D231,Event_Master!B:E,4,FALSE),1) -> 1.5 | K231: =(I231*J231) -> 0 | L231: =K231+H231 -> 10
A232: 24-04-2026 | B232: 712428 | C232: =VLOOKUP(B232,Employee_Master!A:B,2,0) -> Akanksha Gangwar | D232: Badminton | E232: YES | F232: YES | G232: Winner | H232: =IF(F232="Yes",10,0) -> 10 | I232: =IF(G232="Winner",100,IF(G232="Runner-up",70,IF(G232="2nd Runner-up",50,IF(G232="Semi",30,IF(G232="Quarter",20,0))))) -> 100 | J232: =IFERROR(VLOOKUP(D232,Event_Master!B:E,4,FALSE),1) -> 1.5 | K232: =(I232*J232) -> 150 | L232: =K232+H232 -> 160
A233: 24-04-2026 | B233: 706181 | C233: =VLOOKUP(B233,Employee_Master!A:B,2,0) -> Sonam Kachhap | D233: Badminton | E233: YES | F233: YES | H233: =IF(F233="Yes",10,0) -> 10 | I233: =IF(G233="Winner",100,IF(G233="Runner-up",70,IF(G233="2nd Runner-up",50,IF(G233="Semi",30,IF(G233="Quarter",20,0))))) -> 0 | J233: =IFERROR(VLOOKUP(D233,Event_Master!B:E,4,FALSE),1) -> 1.5 | K233: =(I233*J233) -> 0 | L233: =K233+H233 -> 10
A234: 24-04-2026 | B234: 466167 | C234: =VLOOKUP(B234,Employee_Master!A:B,2,0) -> Aishwarya Sharma | D234: Badminton | E234: YES | F234: YES | H234: =IF(F234="Yes",10,0) -> 10 | I234: =IF(G234="Winner",100,IF(G234="Runner-up",70,IF(G234="2nd Runner-up",50,IF(G234="Semi",30,IF(G234="Quarter",20,0))))) -> 0 | J234: =IFERROR(VLOOKUP(D234,Event_Master!B:E,4,FALSE),1) -> 1.5 | K234: =(I234*J234) -> 0 | L234: =K234+H234 -> 10
A235: 24-04-2026 | B235: 452058 | C235: =VLOOKUP(B235,Employee_Master!A:B,2,0) -> Bhavya Gupta | D235: Badminton | E235: YES | F235: YES | H235: =IF(F235="Yes",10,0) -> 10 | I235: =IF(G235="Winner",100,IF(G235="Runner-up",70,IF(G235="2nd Runner-up",50,IF(G235="Semi",30,IF(G235="Quarter",20,0))))) -> 0 | J235: =IFERROR(VLOOKUP(D235,Event_Master!B:E,4,FALSE),1) -> 1.5 | K235: =(I235*J235) -> 0 | L235: =K235+H235 -> 10
A236: 24-04-2026 | B236: 492857 | C236: =VLOOKUP(B236,Employee_Master!A:B,2,0) -> Arnima Thakur | D236: Badminton | E236: YES | F236: YES | H236: =IF(F236="Yes",10,0) -> 10 | I236: =IF(G236="Winner",100,IF(G236="Runner-up",70,IF(G236="2nd Runner-up",50,IF(G236="Semi",30,IF(G236="Quarter",20,0))))) -> 0 | J236: =IFERROR(VLOOKUP(D236,Event_Master!B:E,4,FALSE),1) -> 1.5 | K236: =(I236*J236) -> 0 | L236: =K236+H236 -> 10
A237: 24-04-2026 | B237: 450694 | C237: =VLOOKUP(B237,Employee_Master!A:B,2,0) -> Kawaljot Kaur | D237: Badminton | E237: YES | F237: YES | H237: =IF(F237="Yes",10,0) -> 10 | I237: =IF(G237="Winner",100,IF(G237="Runner-up",70,IF(G237="2nd Runner-up",50,IF(G237="Semi",30,IF(G237="Quarter",20,0))))) -> 0 | J237: =IFERROR(VLOOKUP(D237,Event_Master!B:E,4,FALSE),1) -> 1.5 | K237: =(I237*J237) -> 0 | L237: =K237+H237 -> 10
A238: 24-04-2026 | B238: 721899 | C238: =VLOOKUP(B238,Employee_Master!A:B,2,0) -> Khushboo Yadav | D238: Badminton | E238: YES | F238: YES | H238: =IF(F238="Yes",10,0) -> 10 | I238: =IF(G238="Winner",100,IF(G238="Runner-up",70,IF(G238="2nd Runner-up",50,IF(G238="Semi",30,IF(G238="Quarter",20,0))))) -> 0 | J238: =IFERROR(VLOOKUP(D238,Event_Master!B:E,4,FALSE),1) -> 1.5 | K238: =(I238*J238) -> 0 | L238: =K238+H238 -> 10
...

Sheet Sheet1
H1: Name | I1: Total Steps
H2: (712428)Akanksha Gangwar | I2: 212277 | J2: 21.2277
H3: Aarti Gupta | I3: 145900 | J3: 14.59
H4: Aashish Gupta | I4: 0 | J4: 0
H5: Abhay singh | I5: 67425 | J5: 6.7425
H6: Abhi | I6: 0 | J6: 0
H7: Abhi | I7: 0 | J7: 0
H8: Abhinesh Pandey | I8: 161479 | J8: 16.1479
H9: Abhishek Sharma | I9: 0 | J9: 0
H10: Aishwarya | I10: 357852 | J10: 35.7852
H11: Akash | I11: 340938 | J11: 34.0938
H12: Akash Kumar | I12: 385956 | J12: 38.5956
H13: Akhil Tiwari | I13: 255734 | J13: 25.5734
... H170: Yatin Saini | I170: 0 | J170: 0

Sheet Leaderboard
A1: Employee_ID | B1: Employee_Name | C1: Department | D1: Total_Points
A2: 450230 | B2: =IFERROR(VLOOKUP(A2,Employee_Master!A:B,2,0),"") -> Aarti Gupta | C2: =IFERROR(VLOOKUP(A2,Employee_Master!A:B,3,0),"") | D2: =IF(SUMIF(Participation_Entry!B:B,A2,Participation_Entry!L:L)=0,"",SUMIF(Participation_Entry!B:B,A2,Participation_Entry!L:L)) -> 196.3525
A3: 452073 | B3: =IFERROR(VLOOKUP(A3,Employee_Master!A:B,2,0),"") -> Aashish | C3: =IFERROR(VLOOKUP(A3,Employee_Master!A:B,3,0),"") | D3: =IF(SUMIF(Participation_Entry!B:B,A3,Participation_Entry!L:L)=0,"",SUMIF(Participation_Entry!B:B,A3,Participation_Entry!L:L)) -> 108.2557
A4: 461161 | B4: =IFERROR(VLOOKUP(A4,Employee_Master!A:B,2,0),"") -> Abhay Singh | C4: =IFERROR(VLOOKUP(A4,Employee_Master!A:B,3,0),"") | D4: =IF(SUMIF(Participation_Entry!B:B,A4,Participation_Entry!L:L)=0,"",SUMIF(Participation_Entry!B:B,A4,Participation_Entry!L:L)) -> 77.2203
A5: 456091 | B5: =IFERROR(VLOOKUP(A5,Employee_Master!A:B,2,0),"") -> Abhinesh Pandey | C5: =IFERROR(VLOOKUP(A5,Employee_Master!A:B,3,0),"") | D5: =IF(SUMIF(Participation_Entry!B:B,A5,Participation_Entry!L:L)=0,"",SUMIF(Participation_Entry!B:B,A5,Participation_Entry!L:L)) -> 108.9789
A6: 478308 | B6: =IFERROR(VLOOKUP(A6,Employee_Master!A:B,2,0),"") -> Abhishek savita | C6: =IFERROR(VLOOKUP(A6,Employee_Master!A:B,3,0),"") | D6: =IF(SUMIF(Participation_Entry!B:B,A6,Participation_Entry!L:L)=0,"",SUMIF(Participation_Entry!B:B,A6,Participation_Entry!L:L)) -> 152.4722
A7: 478266 | B7: =IFERROR(VLOOKUP(A7,Employee_Master!A:B,2,0),"") -> Abhishek Sharma | C7: =IFERROR(VLOOKUP(A7,Employee_Master!A:B,3,0),"") | D7: =IF(SUMIF(Participation_Entry!B:B,A7,Participation_Entry!L:L)=0,"",SUMIF(Participation_Entry!B:B,A7,Participation_Entry!L:L)) -> 72.1534
A8: 466167 | B8: =IFERROR(VLOOKUP(A8,Employee_Master!A:B,2,0),"") -> Aishwarya Sharma | C8: =IFERROR(VLOOKUP(A8,Employee_Master!A:B,3,0),"") | D8: =IF(SUMIF(Participation_Entry!B:B,A8,Participation_Entry!L:L)=0,"",SUMIF(Participation_Entry!B:B,A8,Participation_Entry!L:L)) -> 269.4088
A9: 712428 | B9: =IFERROR(VLOOKUP(A9,Employee_Master!A:B,2,0),"") -> Akanksha Gangwar | C9: =IFERROR(VLOOKUP(A9,Employee_Master!A:B,3,0),"") | D9: =IF(SUMIF(Participation_Entry!B:B,A9,Participation_Entry!L:L)=0,"",SUMIF(Participation_Entry!B:B,A9,Participation_Entry!L:L)) -> 302.9128
A10: 454456 | B10: =IFERROR(VLOOKUP(A10,Employee_Master!A:B,2,0),"") -> Akash Deshmukh | C10: =IFERROR(VLOOKUP(A10,Employee_Master!A:B,3,0),"") | D10: =IF(SUMIF(Participation_Entry!B:B,A10,Participation_Entry!L:L)=0,"",SUMIF(Participation_Entry!B:B,A10,Participation_Entry!L:L)) -> 198.7193
A11: 452119 | B11: =IFERROR(VLOOKUP(A11,Employee_Master!A:B,2,0),"") -> Akhil Tiwari | C11: =IFERROR(VLOOKUP(A11,Employee_Master!A:B,3,0),"") | D11: =IF(SUMIF(Participation_Entry!B:B,A11,Participation_Entry!L:L)=0,"",SUMIF(Participation_Entry!B:B,A11,Participation_Entry!L:L)) -> 153.378
A12: 430977 | B12: =IFERROR(VLOOKUP(A12,Employee_Master!A:B,2,0),"") -> Akshit Sood | C12: =IFERROR(VLOOKUP(A12,Employee_Master!A:B,3,0),"") | D12: =IF(SUMIF(Participation_Entry!B:B,A12,Participation_Entry!L:L)=0,"",SUMIF(Participation_Entry!B:B,A12,Participation_Entry!L:L)) -> 197.2518
A13: 451857 | B13: =IFERROR(VLOOKUP(A13,Employee_Master!A:B,2,0),"") -> Amar Kumar | C13: =IFERROR(VLOOKUP(A13,Employee_Master!A:B,3,0),"") | D13: =IF(SUMIF(Participation_Entry!B:B,A13,Participation_Entry!L:L)=0,"",SUMIF(Participation_Entry!B:B,A13,Participation_Entry!L:L)) -> 142.987
... A182: 726299 | B182: =IFERROR(VLOOKUP(A182,Employee_Master!A:B,2,0),"") -> Anu Devi | C182: =IFERROR(VLOOKUP(A182,Employee_Master!A:B,3,0),"") | D182: =IF(SUMIF(Participation_Entry!B:B,A182,Participation_Entry!L:L)=0,"",SUMIF(Participation_Entry!B:B,A182,Participation_Entry!L:L))

Sheet Schedule
A1: Event | B1: Start_Time
A2: Badminton Single | B2: 2026-03-06 15:30:00
A3: Badminton Single Girls | B3: 2026-03-06 15:30:00
A4: Table Tennis
A5: Walk
